Task,Concept Accuracy,Class Accuracy
1,0.780239367716901,0.794269934414912
Full Test,0.780239367716901,0.794269934414912
