Task,Concept Accuracy,Class Accuracy
1,0.9618274047701566,0.898393144081414
Full Test,0.9618274047701566,0.898393144081414
